<?xml version="1.0" encoding="UTF-8" ?>
<!DOCTYPE mapper
  PUBLIC "-//mybatis.org//DTD Mapper 3.0//EN"
  "http://mybatis.org/dtd/mybatis-3-mapper.dtd">
<mapper namespace="com.highjunk.document.repository.CodeMapper">
  <select id="search" resultType="com.highjunk.document.entity.CodeEntity">
    SELECT * FROM user WHERE id = #{id}
  </select>

  <select id="getCodeList" parameterType="String" resultType="com.highjunk.document.entity.CodeEntity">
    SELECT
      *
    FROM
      code
    WHERE
      bunrui_code = #{classificationCode}
    ;
  </select>

  <select id="getCode" resultType="com.highjunk.document.entity.CodeEntity">
      SELECT
        *
      FROM
        code
      WHERE
               bunrui_code = #{classificationCode}
        AND code = #{code}
      ;
  </select>

  <select id="getProgressStatusContent" resultType="String">
    SELECT
      code_name
    FROM
      code
    WHERE
             bunrui_code = #{classificationCode}
      AND code = #{code}
    ;
  </select>
</mapper>