<?xml version="1.0" encoding="UTF-8" ?>
<!DOCTYPE mapper
  PUBLIC "-//mybatis.org//DTD Mapper 3.0//EN"
  "http://mybatis.org/dtd/mybatis-3-mapper.dtd">
<mapper namespace="com.highjunk.document.repository.DocumentHistoryMapper">
  <insert id="insert" parameterType="com.highjunk.document.entity.DocumentHistoryEntity">
    INSERT INTO
      document_history (
          management_id
        , document_id
        , employee_id
        , progress_status
        , create_date
      )
      VALUES (
          #{managementId}
        , #{documentId}
        , #{employeeId}
        , #{progressStatus}
        , #{createDate}
      )
    ;
  </insert>

  <select id="getOneDocumentHistory" resultType="com.highjunk.document.entity.DocumentHistoryEntity">
    SELECT
      *
    FROM
      document_history
    WHERE
             management_id = #{managementId} 
      AND document_id = #{documentId}
    ORDER BY
      create_date DESC
    LIMIT
      1
    ;
  </select>

  <select id="getDocumentHistoryList" resultType="com.highjunk.document.entity.DocumentHistoryEntity">
    SELECT
        dh.management_id
      , dh.document_id
      , dh.employee_id
      , dh.progress_status
      , dh.create_date
    FROM
      document_history AS dh
    JOIN
      (
         SELECT
           *
         FROM
           document_history
         WHERE
           employee_id = #{user_id}
      ) AS dh1
      ON dh1.management_id = dh.management_id
      AND dh1.document_id = dh.document_id
    ;
  </select>

  <select id="getDocumentHistory" resultType="com.highjunk.document.dto.DocumentHistoryDto">
    SELECT
        employee_id
      , progress_status
      , create_date
    FROM
      document_history
    WHERE
             management_id = #{managementId}
      AND document_id = #{documentId}
    ;
  </select>

  <select id="searchDocumentHistory" resultType="com.highjunk.document.entity.DocumentHistoryEntity">
    SELECT
      *
    FROM
      document_history
    <where>
      <if test="documentId != null">
        document_id = #{documentId}
      </if>
      <if test="userId != null">
        AND employee_id = #{userId}
      </if>
    </where>
    <trim prefix="AND (" prefixOverrides="OR " suffix=")">
      <if test="appFlg == true">
        progress_status in("010","020","100","200","300")
      </if>
      <if test="completedFlg == true">
        OR progress_status = "400"
      </if>
      <if test="denialFlg == true">
        OR progress_status = "999"
      </if>
    </trim>
  </select>
</mapper>